[
  {
    "nome": "BITCOIN",
    "variacaoPorMes": {
      "2016-11": 4.96,
      "2016-12": 30.8,
      "2017-01": -0.04,
      "2017-02": 23.07,
      "2017-03": -9.03,
      "2017-04": 32.68,
      "2017-05": 52.72,
      "2017-06": 10.44,
      "2017-07": 17.98,
      "2017-08": 65.2,
      "2017-09": -7.44,
      "2017-10": 47.89,
      "2017-11": 19.24
    }
  },
  {
    "nome": "ETHEREUM",
    "variacaoPorMes": {
      "2016-11": 6.11,
      "2016-12": -3.83,
      "2017-01": -3.19,
      "2017-02": -1.33,
      "2017-03": 0.46,
      "2017-04": 1.71,
      "2017-05": 1.57,
      "2017-06": 2.5,
      "2017-07": -5.47,
      "2017-08": 0.69,
      "2017-09": 0.44,
      "2017-10": 3.5,
      "2017-11": -0.42
    }
  }
]